set,ReH_true,ReH_pred,ReH_res,ReH_std,ReE_true,ReE_pred,ReE_res,ReE_std,ReHt_true,ReHt_pred,ReHt_res,ReHt_std,dvcs_true,dvcs_pred,dvcs_res,dvcs_std
1,-0.9924041423103456,-0.01368286,0.978721282360578,0.0,-0.31,-0.011285864,0.29871413618326187,0.0,-0.3962724887322338,-0.022011524,0.3742609646659048,0.0,0.0177613202492134,0.010882159,0.006879161485506716,0.0
2,-1.23275459944091,-0.014688929,1.2180656708293334,0.0,-0.31,-0.015081778,0.2949182218313217,0.0,-0.3427865803792093,-0.017173724,0.32561285613020396,0.0,0.0128291665507456,0.009880067,0.002949099701454275,0.0
3,-1.3088749980099972,-0.013472613,1.2954023850627716,0.0,-0.31,-0.012145589,0.2978544108942151,0.0,-0.3053255767072373,-0.017903741,0.28742183525811965,0.0,0.0103730110094021,0.007814911,0.002558099815256421,0.0
