set,ReH_true,ReH_pred,ReH_res,ReH_std,ReE_true,ReE_pred,ReE_res,ReE_std,ReHt_true,ReHt_pred,ReHt_res,ReHt_std,dvcs_true,dvcs_pred,dvcs_res,dvcs_std
2,-1.23275459944091,-2.0222375,0.7894829398504719,4.4606156,-0.31,1.6720148,-1.9820148324966431,7.8245144,-0.342786580379209,0.88149184,-1.2242784202649206,8.94582,0.0128291665507456,-0.028198648,0.04102781479488813,0.4430363
1,-0.992404142310346,-1.3097112,0.317307075569903,3.909555,-0.31,1.2649063,-1.5749062871932984,7.5800815,-0.396272488732234,1.3106925,-1.706965037484065,9.685445,0.0177613202492135,0.12504248,-0.10728116296135015,0.38697743
4,-1.35141705877097,-2.0316138,0.680196767980739,4.53962,-0.31,-0.65261,0.34261000394821167,10.569232,-0.268387787388529,-0.04432627,-0.22406151552673736,6.046221,0.0081500216421951,-0.04089632,0.049046340495096555,0.43836832
3,-1.30887499801,-0.03139019,-1.2774848078854883,4.060618,-0.31,3.4618652,-3.7718651866912842,10.641865,-0.305325576707237,2.7346284,-3.039954015656822,8.948936,0.0103730110094021,-0.09668551,0.1070585174128483,0.3926905
