set,ReH_true,ReH_pred,ReH_res,ReH_std,ReE_true,ReE_pred,ReE_res,ReE_std,ReHt_true,ReHt_pred,ReHt_res,ReHt_std,dvcs_true,dvcs_pred,dvcs_res,dvcs_std
1,-2.56464,-1.3161317,1.2485082889938353,0.09431701,2.21195,-0.96902364,3.1809736449241637,0.09482079,1.39564,-1.4372271,2.8328671299362185,0.11185849,0.0315875,0.02034183,0.011245669671893117,0.0028930544
2,-2.48378,-1.1952292,1.2885508272933959,0.17368644,2.05692,-0.9936113,3.0505312761497496,0.12271922,1.17942,-1.3349735,2.5143934544754027,0.1790799,0.0227145,0.014956036,0.007758464348733424,0.0025206206
3,-2.44312,-1.5993029,0.843817112083435,0.3144947,1.94885,-1.3069615,3.255811536407471,0.23293993,1.04808,-1.7138015,2.761881503181457,0.33935443,0.0196876,0.013354719,0.006332881314849853,0.0036241713
4,-2.40288,-1.3645433,1.038336681251526,0.79496413,1.85115,-1.2582834,3.1094333766937257,0.665851,0.934471,-1.5156208,2.450091827674866,0.8815096,0.0174894,0.011173159,0.006316241115951537,0.0043368917
5,-2.35994,-1.2575333,1.1024066881561279,1.3742019,1.75483,-1.1825736,2.9374035569000245,1.2606276,0.82686,-1.3648639,2.191723872528076,1.4903004,0.0157662,0.010626967,0.005139232934963704,0.007520242
6,-2.55945,-1.5752801,0.9841699296951294,0.12074442,2.20108,-0.99752617,3.1986061688232423,0.104460396,1.3792,-1.5720375,2.9512374584198,0.13129115,0.016768,0.009690657,0.007077342741966249,0.00259071
7,-2.5008,-0.98064184,1.5201581581115722,0.18677528,2.05692,-0.8183735,2.8752935013008116,0.101304896,1.18094,-0.9945766,2.1755165733718873,0.15720046,0.0128379,0.007881566,0.00495633404918909,0.0016095795
8,-2.46665,-1.2809336,1.1857163814544678,0.3076899,1.94659,-0.9973327,2.9439226921463013,0.17772238,1.04462,-1.2455024,2.2901223527145387,0.27706352,0.0111995,0.006783479,0.0044160211066603654,0.0023121308
9,-2.42877,-0.48395333,1.9448166730594636,0.46332785,1.84698,-0.48581305,2.3327930514621738,0.4117622,0.927706,-0.5165392,1.444245216041565,0.4724949,0.010102,0.006254697,0.0038473027814626692,0.0023626988
