,Train_Loss,Val_Loss
0,0.001903663738630712,0.0010122498497366905
1,0.0015511740930378437,0.0008735564770177007
2,0.0014811672735959291,0.0008459279779344797
3,0.00143716880120337,0.0008233542903326452
4,0.0013943836092948914,0.000799986650235951
