index,QQ,x_b,t,k,ReH,ReE,ReHtilde,dvcs
0,1.05443,0.536279,-0.452256,2.75,1.47494,-2.72295,5.13102,.105281
1,1.44086,.52755,-.57888,2.75,2.23106,-3.09232,5.60929,.054918
2,1.62007,.425872,-.5237,2.75,1.79037,-2.75419,4.95139,.02551
3,1.07866,.481474,-.50101,2.75,1.7159,-2.38366,4.84918,.099768
4,1.21724,.506752,-.57356,2.75,2.22878,-2.76758,5.46996,.090805
