index,experiment,k,QQ,x_b,t,phi_x,F,sigmaF,F1,F2,dvcs
0,0,2.75,1.05443,0.536279,-0.452256,180,0.042322095,0,0.4496413,0.593322,0.103349
1,0,2.75,1.05443,0.536279,-0.452256,360,0.76269376,0,0.4496413,0.593322,0.103349
