,Train_Loss,Val_Loss
0,0.0016136434860527515,0.0014594000531360507
1,0.0014921324327588081,0.0013875665608793497
2,0.0014233303954824805,0.0013208665186539292
3,0.001354153617285192,0.0012522335164248943
4,0.0012870593927800655,0.0011774197919294238
