phi_x,Real F,Mean F Prediction,Std Dev Prediction
7.31,0.0767278,0.06572298,0.03262701
22.05,0.0384959,0.055635344,0.014168352
36.96,0.0540113,0.04375398,0.027573626
51.96,0.0364099,0.03463023,0.04546768
67.0,0.0198303,0.028426489,0.05603994
277.95,0.0144889,0.02427809,0.06153978
293.0,0.0294102,0.028426493,0.056039948
308.04,0.024549,0.034630213,0.0454677
323.04,0.0448333,0.043753985,0.027573634
337.95,0.0567291,0.055635303,0.014168335
352.69,0.064698,0.06572299,0.032626998
