phi_x,Real F,Mean F Prediction,Std Dev Prediction
7.48,0.0519603,0.06823948,0.05702563
22.45,0.0215471,0.065238155,0.05245846
37.42,0.0457576,0.059742667,0.046963185
52.4,0.054039,0.05258749,0.04693341
67.39,0.0788495,0.044692963,0.05581579
82.39,0.0179775,0.036860883,0.07035888
292.61,0.0753833,0.044692952,0.055815812
307.6,0.0417391,0.052587498,0.046933413
322.58,0.0555838,0.05974265,0.046963178
337.55,0.0425929,0.06523814,0.05245846
352.52,0.0855751,0.06823948,0.05702563
