phi_x,Real F,Mean F Prediction,Std Dev Prediction
45.0,0.311972,0.32619998,0.009310463
75.0,0.17157,0.16361396,0.0030154854
105.0,0.117868,0.10149286,0.004858128
135.0,0.0715266,0.076611266,0.0055888123
165.0,0.0695322,0.067473955,0.0057839304
195.0,0.0702422,0.067473955,0.0057839295
225.0,0.0754048,0.07661126,0.005588813
255.0,0.0981919,0.10149284,0.0048581287
285.0,0.136076,0.16361396,0.0030154875
315.0,0.338509,0.32619956,0.009310438
