phi_x,Real F,Mean F Prediction,Std Dev Prediction
7.37,0.0422791,0.04837697,0.01959358
22.16,0.0466839,0.037538894,0.017656125
37.06,0.0356486,0.023526577,0.01943831
52.04,0.0256064,0.011981587,0.023525236
67.06,0.0259234,0.0040566954,0.02686585
292.94,0.0173176,0.0040566954,0.02686585
307.96,0.019561,0.011981562,0.023525245
322.94,0.0278612,0.023526577,0.01943831
337.84,0.0416474,0.03753886,0.017656123
352.63,0.0421912,0.04837697,0.01959358
