phi_x,Real F,Mean F Prediction,Std Dev Prediction
7.42,0.0477534,0.04452679,0.025716418
22.29,0.0337739,0.04243789,0.012706949
37.21,0.0406144,0.03914015,0.020463308
52.17,0.0299063,0.035624236,0.042750914
67.16,0.0161916,0.032468393,0.061200876
82.18,0.018717,0.02986312,0.07423874
292.84,0.0143153,0.032468393,0.0612009
307.83,0.0186617,0.035624243,0.042750943
322.79,0.0324743,0.03914015,0.020463308
337.71,0.0426101,0.04243789,0.012706942
352.58,0.0410026,0.04452679,0.025716418
