phi_x,Real F,Mean F Prediction,Std Dev Prediction
7.46,0.0167273,0.026365515,0.11298268
22.38,0.0234714,0.028338363,0.07454028
37.33,0.022869,0.031654388,0.03752255
52.3,0.0171667,0.03543539,0.0963342
67.29,0.0167285,0.038972713,0.17183106
97.32,0.000813957,0.04409263,0.28977606
292.71,0.0189093,0.038972713,0.17183107
307.7,0.0119913,0.03543539,0.09633416
322.67,0.0170117,0.0316544,0.03752254
337.62,0.0266893,0.028338362,0.07454027
