phi_x,Real F,Mean F Prediction,Std Dev Prediction
15.0,0.397572,0.4315896,0.009988588
45.0,0.341372,0.34992713,0.008227805
75.0,0.232735,0.2577619,0.007142877
105.0,0.218659,0.19207862,0.0070495405
135.0,0.145867,0.15389991,0.0071998234
165.0,0.126416,0.1367844,0.0072957505
195.0,0.13982,0.1367844,0.00729575
225.0,0.158646,0.15389991,0.0071998257
255.0,0.181823,0.19207856,0.007049539
285.0,0.261003,0.25776178,0.007142883
315.0,0.358113,0.3499271,0.008227803
345.0,0.468094,0.4315896,0.009988588
