set,ReH_true,ReH_pred,ReH_res,ReH_std,ReE_true,ReE_pred,ReE_res,ReE_std,ReHt_true,ReHt_pred,ReHt_res,ReHt_std,dvcs_true,dvcs_pred,dvcs_res,dvcs_std
2,-2.48378,-1.1952292,1.2885508272933959,0.17368644,2.05692,-0.9936113,3.0505312761497496,0.12271922,1.17942,-1.3349735,2.5143934544754027,0.1790799,0.0227145,0.014956036,0.007758464348733424,0.0025206206
