set,ReH_true,ReH_pred,ReH_res,ReH_std,ReE_true,ReE_pred,ReE_res,ReE_std,ReHt_true,ReHt_pred,ReHt_res,ReHt_std,dvcs_true,dvcs_pred,dvcs_res,dvcs_std
6,-2.55945,-1.5752801,0.9841699296951294,0.12074442,2.20108,-0.99752617,3.1986061688232423,0.104460396,1.3792,-1.5720375,2.9512374584198,0.13129115,0.016768,0.009690657,0.007077342741966249,0.00259071
