set,ReH_true,ReH_pred,ReH_res,ReH_std,ReE_true,ReE_pred,ReE_res,ReE_std,ReHt_true,ReHt_pred,ReHt_res,ReHt_std,dvcs_true,dvcs_pred,dvcs_res,dvcs_std
3,-2.44312,-1.5993029,0.843817112083435,0.3144947,1.94885,-1.3069615,3.255811536407471,0.23293993,1.04808,-1.7138015,2.761881503181457,0.33935443,0.0196876,0.013354719,0.006332881314849853,0.0036241713
