set,ReH_true,ReH_pred,ReH_res,ReH_std,ReE_true,ReE_pred,ReE_res,ReE_std,ReHt_true,ReHt_pred,ReHt_res,ReHt_std,dvcs_true,dvcs_pred,dvcs_res,dvcs_std
8,-2.46665,-1.2809336,1.1857163814544678,0.3076899,1.94659,-0.9973327,2.9439226921463013,0.17772238,1.04462,-1.2455024,2.2901223527145387,0.27706352,0.0111995,0.006783479,0.0044160211066603654,0.0023121308
