set,ReH_true,ReH_pred,ReH_res,ReH_std,ReE_true,ReE_pred,ReE_res,ReE_std,ReHt_true,ReHt_pred,ReHt_res,ReHt_std,dvcs_true,dvcs_pred,dvcs_res,dvcs_std
9,-2.42877,-0.48395333,1.9448166730594636,0.46332785,1.84698,-0.48581305,2.3327930514621738,0.4117622,0.927706,-0.5165392,1.444245216041565,0.4724949,0.010102,0.006254697,0.0038473027814626692,0.0023626988
