set,ReH_true,ReH_pred,ReH_res,ReH_std,ReE_true,ReE_pred,ReE_res,ReE_std,ReHt_true,ReHt_pred,ReHt_res,ReHt_std,dvcs_true,dvcs_pred,dvcs_res,dvcs_std
4,-2.40288,-1.3645433,1.038336681251526,0.79496413,1.85115,-1.2582834,3.1094333766937257,0.665851,0.934471,-1.5156208,2.450091827674866,0.8815096,0.0174894,0.011173159,0.006316241115951537,0.0043368917
