set,ReH_true,ReH_pred,ReH_res,ReH_std,ReE_true,ReE_pred,ReE_res,ReE_std,ReHt_true,ReHt_pred,ReHt_res,ReHt_std,dvcs_true,dvcs_pred,dvcs_res,dvcs_std
1,-2.56464,-1.3161317,1.2485082889938353,0.09431701,2.21195,-0.96902364,3.1809736449241637,0.09482079,1.39564,-1.4372271,2.8328671299362185,0.11185849,0.0315875,0.02034183,0.011245669671893117,0.0028930544
