set,ReH_true,ReH_pred,ReH_res,ReH_std,ReE_true,ReE_pred,ReE_res,ReE_std,ReHt_true,ReHt_pred,ReHt_res,ReHt_std,dvcs_true,dvcs_pred,dvcs_res,dvcs_std
7,-2.5008,-0.98064184,1.5201581581115722,0.18677528,2.05692,-0.8183735,2.8752935013008116,0.101304896,1.18094,-0.9945766,2.1755165733718873,0.15720046,0.0128379,0.007881566,0.00495633404918909,0.0016095795
