set,ReH_true,ReH_pred,ReH_res,ReH_std,ReE_true,ReE_pred,ReE_res,ReE_std,ReHt_true,ReHt_pred,ReHt_res,ReHt_std,dvcs_true,dvcs_pred,dvcs_res,dvcs_std
5,-2.35994,-1.2575333,1.1024066881561279,1.3742019,1.75483,-1.1825736,2.9374035569000245,1.2606276,0.82686,-1.3648639,2.191723872528076,1.4903004,0.0157662,0.010626967,0.005139232934963704,0.007520242
