index,QQ,x_b,t,k,dvcs,cff1,cff2,cff3,cff4
0,1.05443,0.536279,-0.452256,2.75,0.103349,5.390467,19.374136,7.3052664,0.09140588
