KinematicSet,ReH,ReE,ReHt,Abs Res_ReH,Abs Res_ReE,Abs Res_ReHTilde
10,-1.3345046217404097,-0.22442577341638842,-0.3927297059976627,0.002966392606773116,0.08557422658361158,0.02218320556834774
