KinematicSet,ReH,ReE,ReHt,Abs Res_ReH,Abs Res_ReE,Abs Res_ReHTilde
2,-1.3089311679568665,-0.3080059627081713,-0.30584572633167106,5.616994686929999e-05,0.0019940372918286764,0.0005201496244337522
