KinematicSet,ReH,ReE,ReHt,Abs Res_ReH,Abs Res_ReE,Abs Res_ReHTilde
11,-1.4944117115366677,-0.3004486832027635,-0.3401192245353298,0.00020014682642255366,0.009551316797236475,0.0025027154724499012
