KinematicSet,ReH,ReE,ReHt,Abs Res_ReH,Abs Res_ReE,Abs Res_ReHTilde
7,-1.2397339144415433,-0.3120110215966876,-0.30573589285378,6.071707837884688e-05,0.00201102159668759,0.0006551686876227203
