KinematicSet,ReH,ReE,ReHt,Abs Res_ReH,Abs Res_ReE,Abs Res_ReHTilde
4,-1.3708675434456938,-0.30217324939671036,-0.2302200928868793,0.00046859258285913974,0.007826750603289634,0.0018814589986939079
