KinematicSet,ReH,ReE,ReHt,Abs Res_ReH,Abs Res_ReE,Abs Res_ReHTilde
0,-0.9925935223958124,-0.32014212963202254,-0.3941845490687635,0.00018938008546687257,0.010142129632022545,0.0020879396634703173
