KinematicSet,ReH,ReE,ReHt,Abs Res_ReH,Abs Res_ReE,Abs Res_ReHTilde
13,-1.5611833962910246,-0.2983636670188794,-0.2679909853704168,0.0002879736708558678,0.0116363329811206,0.00295170644936521
