KinematicSet,ReH,ReE,ReHt,Abs Res_ReH,Abs Res_ReE,Abs Res_ReHTilde
15,-0.9320138556919627,-0.3110262764381972,-0.4001903418964309,6.377841521409966e-05,0.0010262764381971934,7.205575892854643e-05
