KinematicSet,ReH,ReE,ReHt,Abs Res_ReH,Abs Res_ReE,Abs Res_ReHTilde
8,-1.264396479331501,-0.6224340919961036,-0.20003364633520831,0.013310215246260748,0.31243409199610356,0.068715142979833
