KinematicSet,ReH,ReE,ReHt,Abs Res_ReH,Abs Res_ReE,Abs Res_ReHTilde
16,-1.0083282836645713,0.2284237384041498,-0.45652837034648674,0.022166183959871244,0.5384237384041498,0.10308844036023207
