KinematicSet,ReH,ReE,ReHt,Abs Res_ReH,Abs Res_ReE,Abs Res_ReHTilde
9,-1.306104176666714,-0.2896649102412187,-0.23375630844742024,0.0011036986084325129,0.02033508975878129,0.0043079416344766475
