KinematicSet,ReH,ReE,ReHt,Abs Res_ReH,Abs Res_ReE,Abs Res_ReHTilde
1,-1.2328228736792495,-0.3234490191340573,-0.3396966474650049,6.82742383395496e-05,0.013449019134057327,0.0030899329142043963
