KinematicSet,ReH,ReE,ReHt,Abs Res_ReH,Abs Res_ReE,Abs Res_ReHTilde
6,-1.1829910658205252,-0.5318730328960883,-0.294838795422048,0.0006325885510596319,0.22187303289608834,0.049437672555065815
