KinematicSet,ReH,ReE,ReHt,Abs Res_ReH,Abs Res_ReE,Abs Res_ReHTilde
3,-1.3517227208547433,-0.29762227438651206,-0.2711981405594787,0.0003056620837691426,0.012377725613487933,0.0028103531709502416
