KinematicSet,ReH,ReE,ReHt,Abs Res_ReH,Abs Res_ReE,Abs Res_ReHTilde
14,-1.5475924122445552,-0.2949675100495241,-0.22959361184980712,0.0008625865976983338,0.015032489950475902,0.0035226700116338105
