KinematicSet,ReH,ReE,ReHt,Abs Res_ReH,Abs Res_ReE,Abs Res_ReHTilde
5,-1.0052549561680342,0.05628456367945991,-0.47248725790733603,0.00440126088645032,0.3662845636794599,0.07996583729118512
