KinematicSet,ReH,ReE,ReHt,Abs Res_ReH,Abs Res_ReE,Abs Res_ReHTilde
12,-1.5563349828583999,-0.8642843065725486,-0.16163338777970843,0.0008182059355503757,0.5542843065725487,0.1396913208677047
